X,Y,Area
189741.342330041,2583330.90676084,2131.952200000000175
189686.398112592,2583388.09663409,374.983000000000004
189435.851294608,2583378.01198573,12384.637199999999211
189688.417166491,2582555.24344316,3210.642400000000180
189775.804871681,2582680.2889601,1964.640100000000075
189800.566145887,2582684.99335629,243.090000000000003
189552.153142924,2582667.9865587,9840.322700000000623
189569.183653001,2582522.1642835,162.812299999999993
189580.655431054,2582499.72362054,135.754999999999995
190175.701884696,2583781.33596862,2620.114099999999780
190126.154707367,2583675.9620588,548.874900000000025
190127.168473218,2583694.1080003,459.197499999999991
190113.311012251,2583708.0408716,167.495900000000006
190159.814998763,2583754.80372502,138.949299999999994
190140.05657691,2583705.68111148,879.350099999999998
190171.36088809,2583730.20015897,1503.414700000000039
189990.18488059,2583982.65578421,2124.661500000000160
189953.793937454,2583861.94319202,938.528699999999958
189990.885514836,2583959.30871425,2123.607100000000173
189990.463175013,2583936.4269218,2124.835599999999886
188369.512294069,2584178.29818581,2437.110000000000127
188397.374258018,2584166.55959777,2217.471900000000005
188500.531277057,2583077.27756165,1810.531899999999951
190613.220468392,2584041.21541915,697.907900000000041
190893.180041698,2584400.28537691,2030.997900000000072
190554.412590383,2584095.68463923,2194.791499999999814
190388.844039139,2584405.16064993,3782.082399999999780
190329.016619768,2584320.2234935,1579.076099999999997
190395.511781925,2583783.62552454,2690.389700000000175
190382.00498077,2583816.41817725,882.703800000000001
191914.596443878,2584382.40601516,2784.577299999999923
191848.026009982,2583789.92414547,2487.681000000000040
191267.253666481,2583720.38016573,7514.808899999999994
190993.70743023,2583739.31532767,3352.239199999999983
190969.441889732,2583744.90407906,933.743699999999990
190860.578486409,2583863.91013502,3625.114399999999932
190044.549666667,2584683.35133333,1360.798000000000002
189606.192555495,2584622.02003916,5566.010500000000320
189974.548,2584619.754,2006.031300000000101
189992.048,2584619.6545,1504.522999999999911
190012.04774663,2584619.54016569,2507.489300000000185
190105.525996366,2584618.86273663,1801.820699999999988
190124.875175429,2584616.07094564,1986.509399999999914
190329.705515815,2584510.67774604,1902.029199999999946
190258.135991698,2584511.08575737,1004.015599999999949
190156.30234837,2584511.89048281,2836.631499999999960
190067.591489259,2584512.17175574,1295.019600000000082
189996.616479193,2584512.57625306,2500.038300000000163
189974.116753772,2584512.70491664,1999.990600000000086
189954.238712519,2584513.06530565,1975.986599999999953
189944.027456962,2584507.90178297,61.252499999999998
189921.089193362,2584550.63402825,427.366199999999992
189920.919337541,2584525.28470935,427.122599999999977
189920.75109404,2584500.18601773,428.445299999999975
189920.584599684,2584475.33726928,427.898099999999999
189887.318743687,2584513.39890243,1405.563799999999901
189815.3195,2584513.81,3012.029399999999896
189919.618821448,2584447.41852496,477.295900000000017
189919.556301846,2584422.40233868,476.917599999999993
189919.441215183,2584397.26975572,475.804300000000012
189919.382777537,2584372.04452692,475.602599999999995
190045.360458621,2584302.90039158,2478.692900000000009
189882.126396654,2584303.54230309,1502.709299999999985
189802.091981029,2584303.98175864,2309.956000000000131
189876.563584635,2584199.82075738,2327.929299999999785
190028.632861262,2584199.50938475,3008.484800000000178
189771.982122822,2584126.1333344,1599.866400000000112
189794.907611962,2584091.67149537,1586.106600000000071
189815.611782863,2584057.39111494,1649.783699999999953
189832.389168293,2584029.58933603,1046.180100000000039
190539.676409228,2585777.20700421,2375.207199999999830
190849.357994208,2585229.58388884,1605.040700000000015
190609.871523774,2585194.52892124,1265.135899999999992
190596.301302049,2585198.03930844,1970.314300000000003
189323.919732966,2585751.18417856,1628.784200000000055
189410.06514814,2585646.13299792,3719.744499999999789
188894.707730807,2585097.07625447,1437.868199999999888
188845.043170569,2585101.71061258,1963.224300000000085
188075.777276016,2585005.36878892,2140.327900000000227
188392.673000437,2584971.46630654,2682.141099999999824
188422.90118372,2584971.93409819,2361.689499999999953
188442.392284819,2584972.43658072,1103.865199999999959
188651.861216171,2584994.46683539,1004.730400000000031
188870.969922579,2585023.19312744,2605.142699999999877
188947.593657958,2585033.02938073,2135.068499999999858
188837.171003258,2584913.59517986,1119.668100000000095
188821.686796031,2584911.61175564,2055.490299999999934
188800.773414027,2584909.06004791,2225.913799999999810
188562.183123128,2584878.51680575,2221.696899999999914
188542.533212104,2584876.96215262,1735.538099999999986
187982.090523662,2584919.72177712,3657.836400000000140
189484.257092728,2584504.04931467,1460.016499999999951
189556.433761106,2584378.08606115,2126.420200000000023
189536.780827031,2584395.60795691,1660.686699999999973
189462.366236821,2584419.38238372,2610.351000000000113
189618.397449199,2584262.07319823,1884.630100000000084
189423.170227783,2584601.49571947,1673.950800000000072
189427.637077439,2584578.70833499,1954.886199999999917
189423.946037167,2584555.22964668,2874.871500000000196
189417.48866136,2584533.16942239,1880.289299999999912
189412.679529711,2584515.7654038,1853.391900000000078
189408.085167275,2584499.40080187,1660.272999999999911
189403.245568422,2584482.42339491,1275.266399999999976
189367.802921668,2584362.03162631,2334.229499999999916
189361.09790545,2584338.05981161,2709.773000000000138
189306.625874652,2584530.27190536,2012.750800000000027
189312.102217899,2584549.63898617,2009.858699999999999
189317.511068865,2584568.796518,1967.684799999999996
189342.417189835,2584761.46022172,1986.698000000000093
189247.550717684,2584713.23564528,1589.551400000000058
189206.137503604,2584564.31784745,3071.392899999999827
189198.690584619,2584538.00230776,1711.014499999999998
189183.802288802,2584485.48318288,1792.939599999999928
189177.261045939,2584462.33904259,2996.139099999999871
189159.970393585,2584401.22644472,1897.132700000000114
189184.573240653,2584420.64628379,2091.983000000000175
189070.902437984,2584471.19767014,1505.533200000000079
189075.902018039,2584487.9996052,2017.721000000000004
189097.858022182,2584564.87631765,2026.551300000000083
189103.59778612,2584586.0956172,1707.564100000000053
189109.14471251,2584605.50610843,2337.838000000000193
191058.412239534,2586141.40437454,2534.613400000000183
190914.999413793,2586046.74290124,1925.730000000000018
190590.679960971,2586120.83542303,1248.745300000000043
190375.310069099,2585928.96940394,512.716099999999983
190351.503796443,2586031.10527024,3743.790599999999813
189901.355351085,2585968.3592631,3062.797799999999825
190236.049386797,2586012.74876763,1099.936899999999923
190493.556611521,2585921.04680851,990.793000000000006
190024.772382653,2585868.19454433,1300.416999999999916
188745.749247123,2585111.88514393,2323.609599999999773
188725.28249638,2585113.30259475,1573.937899999999900
188710.656574092,2585114.07892408,1384.102599999999939
188675.183644816,2585106.58096126,1212.407999999999902
194728.883066462,2587584.37208742,10235.191699999999400
192324.641680851,2584157.10037481,1709.651100000000042
192332.481801243,2584123.01379509,180.527700000000010
189114.390400782,2584626.82605725,2063.247400000000198
189149.120957338,2584746.65554682,1304.313400000000001
189153.414843614,2584762.52471755,1989.884700000000066
189158.89432965,2584781.65831199,1994.614000000000033
189027.363042863,2584713.23088575,2301.968499999999949
189021.487237516,2584692.5805063,1992.365299999999934
189017.790650946,2584677.02081882,1194.077199999999948
189012.148855478,2584657.61612755,2834.799500000000080
188907.64104064,2584288.57330636,2474.996200000000044
188901.835588636,2584267.17087554,1979.097700000000032
188896.213806122,2584248.0992945,2019.981399999999894
188890.757016659,2584228.90983908,1994.731600000000071
188886.89210401,2584214.19942341,1066.381200000000035
188810.899788746,2584729.24557158,1487.503999999999905
188807.439089978,2584714.863536,1473.204199999999901
188766.612030787,2584567.05723266,3044.445900000000165
188759.551253072,2584542.7171491,1986.437899999999900
188754.022634575,2584522.97905241,2076.873099999999795
188705.322247504,2584736.14080142,1965.375900000000001
188709.600498332,2584750.92551474,1079.286800000000085
188713.634392003,2584765.13627973,1838.319700000000012
188723.942957495,2584801.29106697,2562.884900000000016
188746.403843385,2584823.3339432,2169.202800000000025
188567.690868161,2584644.73137973,3252.989799999999832
188422.980077271,2584791.04357654,432.750900000000001
188389.794918442,2584776.94337865,2526.590400000000045
188378.023995969,2584758.47730092,1533.382499999999936
188327.621644328,2584578.06550114,1187.823300000000017
188324.027232908,2584564.57955102,1585.430299999999988
188319.766404346,2584548.77205963,1666.027499999999918
188314.885244235,2584532.49913557,1707.997399999999971
188294.060862527,2584513.86238486,2077.001999999999953
188341.612780185,2584499.39087993,962.458099999999945
188300.701648521,2584485.61880279,1946.016800000000103
188296.35247486,2584466.28168661,1980.154899999999998
188290.983146598,2584447.05132473,1985.892800000000079
188284.860891639,2584425.98502681,2372.535499999999956
188279.373311486,2584406.98189816,1556.747200000000021
188274.677604524,2584389.81561544,1980.202099999999973
188062.887163894,2584427.77435621,1211.684700000000021
188060.174199801,2584416.16883369,1175.474600000000009
187974.353987602,2584497.72849277,1776.527399999999943
187978.376462838,2584512.60493542,1295.888599999999997
187788.553365136,2584230.26001768,1897.416799999999967
187782.156261036,2584207.85495073,2819.501999999999953
187822.000431307,2584728.73669051,2752.170700000000124
187848.752171275,2584822.8970744,1978.857600000000048
187853.065984703,2584838.28366822,1175.427899999999909
187358.903370066,2584649.38193909,2083.021799999999985
187364.157388109,2584669.14537585,1964.724699999999984
187215.483848238,2584541.1844846,2489.790599999999813
187209.558157844,2584519.49973253,1972.020800000000008
187203.922308795,2584500.34727184,1987.301500000000033
187200.088298417,2584484.76590029,1189.265599999999949
190171.081670521,2584818.62161874,2190.221199999999953
190443.072909647,2584979.98622006,1665.338700000000017
190352.451409356,2585120.64559659,3817.894699999999830
189576.468382879,2585423.30511343,1218.755900000000111
189563.572448011,2585399.32806606,696.152500000000032
191080.045721875,2585429.63556786,4701.147399999999834
191126.762160027,2585214.97927011,3233.135699999999815
191057.307742374,2584840.10702201,4212.058600000000297
190998.348246338,2584854.95277735,1970.837800000000016
192343.464616914,2584199.89940203,290.551600000000008
192372.696672985,2584200.09425047,2718.186900000000151
192368.895571365,2584159.94344425,1807.948499999999967
194387.25203125,2585150.40266251,1596.256499999999960
194359.593775682,2585250.70396966,1795.783799999999928
194354.972586669,2585273.71747429,103.271600000000007
194272.845658433,2585180.47802746,1325.240000000000009
194228.56121101,2585149.51899844,1071.211000000000013
194652.929031908,2585641.68701762,2566.456299999999828
194452.067914445,2585561.46904024,5328.644400000000132
193902.270979969,2585696.55720251,3935.501699999999801
194000.120037274,2585750.01157682,3149.244400000000041
194204.447100144,2585713.71356726,1805.886999999999944
194185.42614743,2585706.68177502,2261.514999999999873
194100.892463192,2585675.04286227,1886.763899999999921
194077.838530912,2585666.44219667,3062.229800000000068
194097.17501658,2585560.70826308,1297.127400000000080
194115.069387113,2585563.04531844,2122.041299999999865
194133.142891353,2585569.39429292,1768.695099999999911
194225.552176901,2585603.92785624,1641.574000000000069
194081.673378622,2585176.71299804,2446.872600000000148
193877.668859128,2585351.61205833,1586.745699999999943
193795.540880694,2585573.29872206,1706.034900000000107
193693.699271579,2585289.3633376,2293.238800000000083
193716.426286451,2585298.05420758,2665.908699999999953
193469.575287984,2585078.09168049,2886.580500000000029
190504.937517485,2584565.70235575,1607.973500000000058
193033.182637028,2585682.40907513,2746.672799999999825
193207.495981625,2585106.22338587,3927.847900000000209
193095.759456287,2585064.14224351,3795.830100000000130
192897.137547635,2584988.77128341,2509.663900000000012
192879.565068604,2584982.05492919,1294.637799999999970
192737.757671271,2584920.55925682,3185.510600000000068
192503.346498083,2584511.06015223,1261.147799999999961
192590.165909349,2584757.13115293,1478.332799999999907
192487.35770798,2584723.83612079,1740.922499999999900
192378.338941292,2584729.92125326,2135.781399999999849
192361.573238544,2584758.7021727,2085.709800000000087
192337.392744142,2584712.73813359,197.381599999999992
192420.158386188,2584585.57538962,1919.347700000000032
192453.766146912,2584333.48139939,4129.665699999999561
191291.301842536,2584590.81212935,870.769699999999943
191281.518945717,2584548.16680912,2257.363199999999779
191260.407498241,2584575.47660521,1423.112900000000081
191266.657988893,2584607.00107444,168.229399999999998
191239.610829055,2584569.04354176,1614.077800000000025
191275.224765544,2584509.91355947,3145.579499999999825
191188.837500941,2584475.53671694,1638.384800000000041
191179.512445247,2584452.37643685,2462.375700000000052
191669.691327325,2584573.38925465,2031.947200000000066
191907.30545318,2584489.19135853,1064.205099999999902
192619.756836952,2585670.44667061,1119.155500000000075
192776.334559694,2585578.5534965,3166.698699999999917
192430.485971832,2585363.41194141,2009.832699999999932
192600.447788147,2585462.82007374,2167.164400000000114
191851.803701429,2585548.89402876,1880.292400000000043
191868.200609696,2585549.46079876,1209.646700000000010
191965.217893275,2585449.53529943,1878.597899999999981
192086.681689565,2585034.67709586,2664.151400000000194
192062.397635388,2585032.58895497,2992.826199999999972
192037.751643009,2585031.73364883,2749.719900000000052
191606.75813785,2585019.2038928,1552.314300000000003
191412.249918325,2584962.30768388,1374.071200000000090
191388.868766667,2584753.94786667,713.591999999999985
191688.561624554,2584909.81877347,2686.960099999999784
190841.709855976,2584781.94918212,1292.146199999999908
190977.695157393,2584749.42070847,2651.797099999999773
190866.651538874,2584689.46143587,1270.583300000000008
190874.832876907,2584655.85929274,847.922299999999950
191162.492561448,2584596.22802236,4604.406500000000051
191923.32332592,2584818.84310462,4160.006699999999910
192745.161868468,2586219.01697799,4127.186700000000201
192876.793682449,2586127.5164614,760.380499999999984
193039.935969489,2585912.37054406,2139.012400000000071
193023.918221253,2585912.16173302,1238.087299999999914
192994.891576407,2585909.93134328,1135.858999999999924
192454.481854811,2585892.19583293,1458.423500000000104
194454.416392191,2585861.67680668,3210.462799999999788
194201.955647245,2586223.21112541,1281.579500000000053
194214.137558693,2586193.46418577,2774.318600000000060
194281.716062266,2586013.2371677,3976.081799999999930
194297.645433789,2585971.4586703,4916.137399999999616
194124.210690766,2586124.40972542,2228.543900000000122
193943.492091524,2586189.3553193,2758.484300000000076
194085.863183488,2586014.04399549,1046.901000000000067
193934.707080923,2585848.26037961,2700.948199999999815
191121.760529654,2585873.61632635,2044.085399999999936
191152.515887655,2585866.48811451,2831.729499999999916
191486.887862781,2585667.00372261,1882.446899999999914
193079.451223085,2586886.29593106,9524.148199999999633
192225.726581862,2586853.04240543,2880.620699999999943
194769.605288837,2586562.49392034,2137.944399999999860
194887.939371204,2586437.58580816,10899.328400000000329
192802.505551467,2589130.24817836,4831.095699999999852
191563.81614783,2582234.8049915,2663.500300000000152
191140.457804749,2582139.75360406,2504.146900000000187
191130.234668127,2586804.06414223,4478.262800000000425
191148.194308711,2586537.86106952,3531.355300000000170
190402.205290769,2586599.60462912,2519.990099999999984
190348.527587262,2586630.4491261,2630.793099999999868
190786.678805028,2586619.41772146,2247.458099999999831
190689.302639869,2586766.0756273,1981.992999999999938
190579.878024701,2586790.88439998,1738.839400000000069
190557.349936954,2586796.03844653,3029.575800000000072
190697.394806581,2586884.50630068,1876.833499999999958
190944.65248857,2586818.30509838,1037.866199999999935
190955.589997713,2586816.24902317,1210.923399999999901
190967.162615107,2586813.67014536,1185.859200000000101
190974.785194402,2586933.69530361,3157.225800000000163
190912.634061201,2586956.28760594,3475.229200000000219
190618.411252741,2586978.96447446,1601.936699999999973
190503.562786221,2587027.79187101,3020.943000000000211
190476.523299515,2587034.57536451,2213.763899999999921
190179.648657335,2587299.05798288,966.552999999999997
190214.010403877,2587291.74503874,2856.730799999999817
190128.792981479,2586992.24917117,775.654499999999985
190114.85988461,2587032.45365338,3307.874099999999999
190047.769112328,2587056.47074997,2792.146900000000187
190006.560132626,2586986.62442314,815.415200000000027
190082.000323155,2586847.7553558,1419.204799999999977
190055.387749067,2586859.68295038,4223.214899999999943
189678.174621944,2586797.30448936,2328.780600000000049
190071.599905173,2586538.17051174,1305.147799999999961
190106.762766005,2586539.83841856,2611.677799999999934
189918.047199602,2586404.78821886,1748.442000000000007
189721.058004379,2586397.81180261,1253.284400000000005
189706.545944562,2586396.86678431,2063.279300000000148
189742.534664646,2586281.37439942,1398.540600000000040
189155.960923916,2586951.81127053,2833.222299999999905
189639.311697283,2586790.3643976,3367.547099999999773
189610.476456465,2586797.53596087,2667.406800000000203
189316.26935104,2586827.90450479,4065.034099999999853
189345.231121252,2586824.97992705,1991.101899999999887
189000.233356769,2586867.61302163,3016.443299999999908
189524.946294582,2586707.38648282,3906.074300000000221
189466.759054849,2586709.32139562,3926.928199999999833
189257.980861114,2586716.38997742,1472.138400000000047
189244.140912079,2586716.35398776,1349.000299999999925
189374.266603681,2586322.24353198,20225.106400000000576
189419.711435798,2586266.43387872,2718.380999999999858
189338.931907519,2586436.88481504,1618.663500000000113
189612.458233492,2587598.68286003,4014.190399999999954
189495.764824538,2587304.39162424,1375.165600000000040
189456.912338059,2587449.78655602,2926.196600000000217
189409.397944861,2587428.10296374,1445.615500000000111
189401.580892138,2587418.22143404,1580.975899999999911
189359.792734519,2587372.27196409,2618.282999999999902
189337.61227937,2587357.76966446,2535.300999999999931
189313.607912013,2587332.35637039,3585.963400000000092
189130.364840902,2587482.81828129,1097.625099999999975
188976.269286255,2588017.93120629,2049.411200000000008
188951.180535779,2587910.79626291,1184.848600000000033
188966.085719863,2587693.95533578,485.320600000000013
188638.706037134,2587830.37703544,1220.768499999999904
188963.554658613,2587621.6400758,3181.681199999999990
188822.890681001,2587177.84066734,905.286399999999958
188956.06628814,2587208.59208117,1848.921199999999999
189061.435475624,2587198.35910415,1290.378400000000056
189223.785756774,2587246.514469,1149.773200000000088
189266.551494509,2587171.26836053,1459.048700000000053
189435.233264215,2587200.59430059,1156.324000000000069
189407.634271274,2587206.10326763,1739.213500000000067
189421.138412118,2587136.09911604,2058.588499999999840
189392.755011261,2587138.61268432,2047.064000000000078
188531.400616178,2587690.97890373,954.045899999999961
188472.197913516,2587740.4134059,4539.567200000000412
188256.62599001,2587768.03671754,3349.717200000000048
188225.914624497,2587773.76308937,2523.680100000000039
187724.174752155,2587960.56294445,3211.655799999999999
188053.616216262,2587916.75015771,3785.189300000000003
188212.580192929,2587896.01709201,1014.046600000000012
188222.459282723,2587894.91963048,994.886700000000019
188066.14388434,2588023.76670704,929.811199999999985
188040.086570256,2588027.11850331,4505.206600000000435
187392.5115184,2587783.90512017,2507.142100000000028
190208.341047594,2588993.73765459,3232.528499999999894
189917.499630498,2588988.56543795,3134.448400000000220
189904.001533645,2588551.10518939,1206.586600000000089
189866.995285828,2588585.91098415,2145.496500000000196
189869.465018221,2588401.71081093,1394.020899999999983
190363.29098881,2588336.68421019,1204.305800000000090
190116.928886561,2588331.9842182,4127.979099999999562
189777.437472325,2588812.99445456,911.981800000000021
189778.229362113,2588798.48213118,1169.456200000000081
189726.984121357,2588764.91784233,1959.626199999999926
189780.692239926,2588701.613543,1257.858799999999974
190233.057888262,2588226.02548945,1226.850599999999986
190407.819638768,2588111.07323428,1326.298299999999927
190515.742096742,2588368.24235428,1097.670900000000074
190495.035852389,2587673.89478468,1143.149899999999889
190483.475483523,2587674.74092755,1464.113399999999956
190098.003164984,2588025.35064881,2026.567299999999932
190182.09883018,2587903.8594537,3047.760099999999966
192783.749933446,2587556.03642968,1001.447300000000041
192367.603685699,2588118.88487782,1723.203199999999924
192086.80672247,2588165.76521484,615.451000000000022
192075.051951442,2588159.61162461,1037.794599999999946
191668.666455566,2587556.13356157,284.770800000000008
191594.534963469,2587366.77358423,1384.803599999999960
191583.279270495,2587382.82153938,2476.729299999999967
191568.693333413,2587403.43134203,2508.590900000000147
191505.234895463,2587492.1507965,1228.879799999999932
191498.192214959,2587501.98936489,1162.695699999999988
191420.790205168,2587608.37389957,1098.652599999999893
191414.261406509,2587617.66683064,1097.299500000000080
191407.731601586,2587626.55862619,1039.484699999999975
191244.776390907,2587478.22808715,848.393000000000029
192080.314266667,2587427.26396667,361.666200000000003
191666.881540354,2587091.76056758,716.078800000000001
191666.081384049,2587070.6257681,573.364599999999996
191622.727496256,2589376.85083317,3121.886700000000019
191665.208723849,2589347.19638891,1092.836099999999988
191199.659903406,2589030.57980281,3443.536300000000210
190978.277793248,2588814.33386395,2134.302000000000135
191073.578555802,2588503.76525666,2182.569599999999809
190907.810962722,2588232.27512479,1987.217799999999897
189257.885468745,2589843.02169581,914.030499999999961
189514.692244385,2589719.59433434,6076.211100000000442
189588.507985535,2589681.12428345,2451.684299999999894
189370.645663046,2589608.73455742,1557.188000000000102
189306.69168722,2589520.98841067,2223.135200000000168
189328.464633197,2589514.5726613,2217.934400000000096
189398.888544991,2589506.64853776,1362.547100000000000
189408.487954124,2589506.91003807,1086.688599999999951
189606.169054268,2589530.15069152,2934.214500000000044
189545.245768447,2589528.96581524,2580.685800000000199
189494.213223795,2589527.94909606,1302.880300000000034
189480.238259361,2589527.65463571,1334.659900000000107
189464.319993166,2589527.27209671,1669.237599999999929
189475.672538705,2589415.3621198,3585.277599999999893
189469.006983414,2589306.40050105,5851.747800000000097
189547.935282796,2589307.94491576,3560.696399999999812
189726.57629859,2589312.2302723,1687.561699999999973
189788.054205282,2589317.70312211,1960.130799999999908
189817.030124049,2589313.9972937,3426.633699999999862
190191.006877185,2589325.30120944,1537.946699999999964
190206.802392028,2589325.37305331,1633.834399999999960
190264.48316728,2589326.42436677,4384.698599999999715
189986.128188392,2589213.70618084,3372.833700000000135
189646.02762522,2588888.31374496,1364.480099999999993
189624.8946167,2588879.15630543,3717.992299999999886
189440.236849716,2588654.29419771,1716.062699999999950
189525.08423738,2588656.07636827,1541.485100000000102
189621.897615301,2588656.39149803,3111.987299999999777
189630.167892684,2588545.55759427,2680.993300000000090
189407.243886031,2588540.87313142,2203.635900000000220
189637.182292455,2588434.161035,3355.230500000000120
189688.309513525,2588325.00419521,2604.942700000000059
189499.726423955,2588321.57677538,1954.679699999999912
189376.822832315,2588319.1528374,1956.480600000000095
189395.730771689,2588319.48368795,1887.770999999999958
189520.870902579,2588252.72551704,886.331800000000044
189415.145686075,2588242.37648821,4014.686200000000099
188822.198942207,2589373.11765758,860.656299999999987
188863.879093337,2589219.59542023,4508.786000000000058
189054.394755829,2589187.37768818,2885.052200000000084
189568.739803306,2589202.0320255,3014.608999999999924
189588.239567227,2589201.89054062,1056.682399999999916
189598.466234585,2589202.28856455,1080.332100000000082
189727.502771963,2589103.40625801,2311.355300000000170
189443.138804933,2588847.02012493,2402.415500000000065
189385.533596484,2588898.16259931,1387.802500000000009
189189.413905653,2588867.33025979,3607.248700000000099
188755.58722788,2589326.96749056,1426.014599999999973
188606.093302225,2589300.08790316,3363.683500000000095
188291.305895825,2589139.11201806,1578.504300000000057
188381.287704851,2589103.7479925,1427.368899999999940
188132.404711482,2589069.7331246,2337.606200000000172
189205.792651312,2588755.44968267,1021.395899999999983
189294.344893933,2588558.67564573,1029.828400000000101
188851.302656685,2588451.60567478,2115.719700000000103
188759.897585159,2588456.4838112,2005.320699999999988
188800.917481526,2588451.70660037,2052.032200000000103
188780.417202702,2588453.54177091,2104.983299999999872
188686.844695909,2588234.96862545,3056.034200000000055
188685.925904486,2588216.18223975,1590.941399999999931
188512.201953734,2588203.01682643,3784.353099999999813
188277.496470841,2588417.67293085,1453.133299999999963
188265.282471935,2588497.22929641,3168.309099999999944
188279.418918151,2589001.25279222,1147.136600000000044
188258.488401017,2589006.99271867,1051.237499999999955
187998.697642101,2588698.92633934,1758.600699999999961
188003.127981424,2588621.54169602,1999.476599999999962
187865.476725462,2588831.16399738,2927.998700000000099
187836.830657996,2588833.61505377,2922.692599999999857
187869.501866863,2588941.27959695,3393.523299999999836
187888.553049432,2589061.68690016,1983.328999999999951
187960.91695443,2589005.37276166,719.454700000000003
187277.835586779,2588512.48843808,2587.270300000000134
187229.202782404,2588480.85758646,1781.945600000000013
191920.10492188,2588998.69316361,5149.729400000000169
190403.532487502,2587327.08453448,2719.707100000000082
188913.151092098,2587083.01891117,2288.619400000000041
188890.465691043,2587085.31502919,2670.461800000000039
188869.544857131,2587087.45066943,1901.419399999999996
188756.78631018,2587078.28375253,3981.147399999999834
189191.048048687,2586589.50704728,337.844800000000021
189694.746477589,2588764.57485099,1776.324699999999893
189663.72144813,2588221.05244079,2268.089199999999892
188434.91756339,2582934.86595805,4508.116799999999785
188487.037318234,2582951.48509063,408.116399999999999
189462.984195018,2588751.92586951,2416.961699999999837
189434.42601324,2588743.35961119,2427.449399999999969
189401.941157101,2588872.9214386,7.223700000000000
189383.852461421,2588811.5669509,2071.387400000000071
189500.779875214,2589093.93056737,5658.948000000000320
189428.345644358,2588979.8763837,1614.878500000000031
189411.507109555,2589844.53292089,3613.525299999999788
189342.592607176,2589619.44519541,2081.629100000000108
188211.71502402,2588786.21709946,2612.986600000000180
188334.319379847,2588656.62037924,4124.954800000000432
189189.696157037,2588755.62172819,2115.387000000000171
189306.882939963,2588902.01316117,1349.085800000000063
189217.425188561,2588867.75404394,2077.554500000000189
188996.780271708,2588863.8515996,6053.559400000000096
189330.938901389,2588697.06640745,1435.987300000000005
189221.896212489,2588543.50341275,1622.457799999999907
189159.176881935,2588666.00004952,2760.110200000000077
189083.949614782,2589193.04422049,3075.454000000000178
189054.952585589,2589085.95014772,2609.893300000000181
189113.078105258,2589197.55918679,1819.506699999999910
189151.176259232,2589381.04053345,3863.687100000000100
188920.140003562,2589075.18452237,2559.331799999999930
188847.441491037,2589177.55317406,82.097300000000004
188272.980413232,2589077.72325154,3388.661500000000160
188163.857197552,2589069.30311665,2046.170200000000023
188227.829480851,2589079.80421662,4085.835399999999936
188311.793680503,2589086.14527851,3199.144600000000082
188892.230868261,2588966.90123751,366.087899999999991
188904.06322865,2588869.47761918,2664.572500000000218
189169.812517004,2588757.54770397,2048.316600000000108
189867.193439057,2588529.82034657,3948.544499999999971
189779.982420829,2588681.35352859,1478.476200000000063
189727.884664606,2588660.31255659,2410.222999999999956
190009.427379402,2588673.41618306,4338.247800000000097
190047.286777488,2588667.33799376,2424.568400000000111
189709.592725173,2588766.09310439,1159.490900000000011
189860.001409854,2588795.784455,2932.833700000000135
189913.672531711,2588768.48061658,4183.518900000000031
189985.269179147,2588770.06683898,1981.469399999999951
190002.741221057,2588771.02575548,1654.891499999999951
190168.435761384,2588773.81586668,2939.380799999999908
190236.01297195,2588775.13574814,3954.509700000000066
190266.58703456,2588769.55163258,2631.227699999999913
189907.37724508,2588878.22422165,3210.963999999999942
189937.311423165,2588879.24203013,2997.578899999999976
189692.358425975,2588971.68710949,2227.569599999999809
189610.028497246,2588991.86005735,3084.209299999999985
189637.422999369,2589004.76432873,1065.211199999999963
189656.648705086,2589013.53563086,968.889800000000037
189683.116740001,2589025.39147667,568.349500000000035
189972.56128431,2588989.51623875,1986.180200000000013
190306.783832897,2588996.77607266,2433.541499999999814
189842.850043411,2589089.13930029,3538.602899999999863
189915.534481609,2589100.66925514,1720.778700000000072
189946.884935786,2589100.91103561,4563.355099999999766
189855.368008368,2589127.76005921,2253.264299999999821
190049.873637888,2589102.45083627,1720.160499999999956
190150.679247262,2589105.4652674,3675.727499999999964
189679.631698675,2589204.82924449,3887.450800000000072
189752.751230548,2589310.50262456,3138.881600000000162
189910.199559781,2589317.33226516,2846.293799999999919
189879.926762455,2589407.79569644,5231.547199999999975
189689.869442384,2589529.70952894,3356.586200000000190
189582.441488404,2589619.97752828,2046.387699999999995
189736.766368994,2589641.74904687,3671.560699999999997
189748.296926915,2589206.68133258,3472.773599999999988
190213.636901529,2588558.87894004,2422.035499999999956
190189.240559803,2588557.70265321,3115.027399999999943
192268.790598547,2589323.42030545,964.907600000000002
189278.424126316,2588487.59692479,1940.609799999999950
187562.132956067,2588298.85985582,3499.454600000000028
188494.850283485,2588308.14649147,2690.990899999999783
188308.438885461,2588319.47063298,4217.339399999999841
188029.801417352,2587809.94164121,4359.362000000000080
188137.499493696,2587802.00804689,2530.687500000000000
187972.609227263,2588336.5227807,5485.381599999999708
188287.465300868,2588107.37013211,3326.349099999999908
188251.657384447,2588112.15011278,3912.707199999999830
188241.144639522,2587891.95904571,2572.563099999999849
188707.630353107,2586898.84236221,3419.945099999999911
189126.902109245,2587814.07859497,3610.004300000000057
189175.213514378,2587830.70602693,3178.027599999999893
189262.038191903,2587843.40809865,3443.057899999999790
189038.65569457,2586858.79623871,2313.950400000000172
188102.215885664,2587812.78478386,1692.167899999999918
188925.297784988,2587618.7497414,2045.032500000000027
189240.139988296,2587847.66759612,1339.710000000000036
189215.079394453,2587843.91826364,3363.952000000000226
189240.279049684,2587958.43364196,2427.834100000000035
189116.862336274,2586642.7748489,447.656299999999987
189156.689321841,2586634.28470554,2406.920599999999922
189295.745173846,2585753.8773735,3587.098300000000108
189438.723998764,2586387.36148406,3761.010000000000218
189415.57571591,2586316.69519154,370.210100000000011
189449.734135049,2586309.67128706,1035.699100000000044
189363.860793309,2586512.19282751,2332.513800000000174
189496.760543271,2586624.71111022,2561.748099999999795
189469.353246842,2586605.11317662,1282.141100000000051
189353.173178146,2586619.61656155,4152.396099999999933
188073.443416925,2587816.47998831,2312.429799999999886
187885.474087527,2587724.39163036,1142.367199999999912
188188.765024666,2587788.89120882,1848.663399999999911
188692.615658679,2588054.92542025,3448.027799999999843
188441.727899277,2587903.0253221,2984.735499999999774
188623.571766525,2587955.44904929,5041.056499999999687
188706.559533939,2587806.7954919,2124.672199999999975
188579.028041911,2587856.15850658,2843.053699999999935
189007.43468018,2587632.62913921,2439.244200000000092
188933.99478323,2587705.37014289,928.202099999999973
188947.745199543,2587826.38526936,1273.834299999999985
188893.817203249,2587818.77429989,994.486599999999953
188875.8576925,2587734.37218046,1362.118899999999940
188933.40264489,2587916.13855245,1794.232999999999947
189017.459422517,2587905.33968497,2085.276800000000094
188912.137774409,2587918.53213604,2697.635900000000220
188862.129949677,2588015.7132305,1350.928300000000036
188951.034349147,2588022.09056002,3143.413799999999810
188776.982537962,2588142.22668338,5538.715100000000348
188629.838156873,2588531.58540744,2093.201500000000124
189141.029018602,2587746.1759296,1909.800400000000081
189240.623355704,2587244.83764278,1257.188499999999976
189443.237339034,2588320.13925717,2284.548400000000129
189355.526976897,2587893.04151862,3676.057299999999941
189191.091440107,2587172.30653064,1508.444700000000012
189785.083001888,2588298.16210124,3312.920099999999820
189564.03497728,2588252.56909514,929.031500000000051
190784.941398738,2586204.1111032,5607.146300000000338
190982.470535723,2585781.71940529,3210.280900000000202
189708.726498423,2586897.27125235,3803.632099999999809
189944.955828125,2586963.84289714,2049.937199999999848
191222.365069466,2587514.72209904,3868.631199999999808
192049.566026696,2588144.43399635,2596.715499999999793
191835.568433307,2587909.73216683,3656.669899999999870
191891.775557779,2587163.08623791,4638.442100000000210
191856.402182862,2587144.5181306,3573.626099999999951
191543.328242044,2588168.5548083,4298.063000000000102
191558.856996898,2588145.61721929,1352.970600000000104
191667.448360051,2587771.74537219,2451.626099999999951
191636.082441435,2587471.75369591,2887.216899999999896
191377.673574587,2587483.32557763,2551.405499999999847
191289.85098386,2588430.58819463,1887.840500000000020
190961.914074881,2588436.88491325,3174.906899999999951
190429.046288025,2588266.17303276,2249.379899999999907
190429.551196664,2588291.3940386,2486.719799999999850
190428.432274764,2588352.97566713,3448.060399999999845
190543.937887612,2588336.53420682,2542.811999999999898
190400.054243059,2587915.10862824,897.922199999999975
190408.433241489,2587873.37601721,1423.525799999999890
190506.602256234,2587560.13742404,3545.573899999999867
190406.134558642,2587683.51779476,2628.548699999999826
190268.653499658,2587790.25969907,2718.197400000000016
189988.043007784,2587781.85712245,4749.274000000000342
190219.221518827,2587898.42615665,2372.875599999999849
189984.785728633,2588314.85727645,2748.794199999999819
189958.449911956,2588316.61189361,4264.293999999999869
190009.22833365,2588329.30550875,3114.861600000000180
190358.626187236,2588451.49309508,2032.498199999999997
190105.696647255,2588445.15613338,4366.334600000000137
189697.242054998,2588436.66241504,3311.014500000000226
189661.141445935,2588325.57096914,2727.526699999999892
189784.756727079,2588339.02270135,2957.020799999999781
189625.735259054,2588235.83673156,2829.860400000000027
189780.938169268,2588119.62491141,630.421500000000037
189767.248885068,2588126.40214051,1021.809700000000021
189514.640831512,2586916.84483828,1809.429599999999937
189638.199873007,2586899.48430273,2738.453700000000026
189710.972012907,2586994.03676417,1361.622200000000021
189727.912593714,2586988.82034747,1815.820799999999963
190072.163268819,2586735.06410398,769.423800000000028
190137.730033258,2586705.70198878,931.128799999999956
190057.110316544,2586741.24086308,1563.971700000000055
190097.467535011,2586723.71116544,2321.866700000000037
189711.860745486,2586788.51589662,4153.670100000000275
189742.926983021,2586784.39273969,2281.703399999999874
190001.246600605,2586758.37148362,3400.989900000000034
190271.964359138,2586581.6692908,1544.445400000000063
189796.155176052,2586652.24231698,2261.660699999999906
189817.401590867,2586651.44460561,2653.677400000000034
189688.830644089,2586656.61894102,4840.597200000000157
189971.633271808,2586645.94061696,2887.814499999999953
190011.683514299,2586644.77616778,4240.108900000000176
189866.241653146,2586772.66708714,3376.180899999999838
189654.028195148,2586524.3432639,2796.176500000000033
189781.869443053,2586526.37428421,1489.744599999999991
190045.949900692,2586537.12592277,1900.704999999999927
190030.108779877,2586537.42800283,2069.685899999999947
190184.148676665,2586549.9538063,2179.589100000000144
189875.282742427,2586531.64573721,2630.783600000000206
189898.223589327,2586532.49470659,3105.521400000000085
189800.849643828,2586529.29939444,3295.511599999999817
190131.904835854,2586541.62035608,3345.277500000000146
190160.27008774,2586542.59029827,3748.373399999999947
190146.823476121,2586353.10660385,1310.495400000000018
190061.654352409,2586417.16856271,1325.550199999999904
190044.259779692,2586417.00318801,2157.564100000000053
190090.787131058,2586344.20770176,802.823200000000043
190060.163607485,2586344.81348647,2070.716100000000097
189975.55474468,2586291.45749813,1232.144700000000057
190012.632697858,2586293.19212242,1294.610400000000027
189909.596548393,2586289.33239722,1815.604199999999992
189959.001037573,2586290.48606283,2588.096399999999903
189766.114478728,2586284.16683259,3536.183100000000195
189995.975006318,2586243.78468841,491.391900000000021
189986.731796211,2586301.06497337,1200.446099999999888
189999.801900424,2586301.7333079,1321.072100000000091
189631.094509184,2586277.59512285,4084.202699999999822
189770.234525986,2586161.49652601,1170.292300000000068
189736.60559765,2586160.11589318,1208.346900000000005
189753.557542502,2586159.93684527,1979.726699999999937
189792.586982072,2586161.78850576,3024.203700000000026
189595.918655938,2586154.42411727,2161.655099999999948
189708.392351326,2586158.56160326,4125.666000000000167
189664.807294391,2586156.7354765,4128.070499999999811
189793.642770449,2586068.76358776,1122.115099999999984
189807.077229687,2586068.78285844,1399.324299999999994
189823.30669869,2586069.07240569,1646.275599999999940
189842.509308682,2586070.21460915,1957.852300000000014
189762.403739028,2586066.44612106,2332.338400000000092
189536.512749674,2585755.12572759,2520.366700000000037
189609.810699948,2585755.58642074,1586.152000000000044
190055.115847819,2585762.06073442,1788.610899999999901
190120.657888083,2585873.14919651,1644.416099999999915
190097.891708471,2585872.846409,2646.085500000000138
190318.30330117,2585945.66841987,869.547500000000014
189963.709274435,2586162.66961154,1192.682000000000016
189982.81281799,2586162.29072015,1787.965999999999894
190035.852642708,2586160.87672142,1945.664899999999989
189997.953433026,2586080.18905556,1311.841899999999896
190018.032855338,2586092.64323536,1732.585499999999911
190099.794514619,2586195.85830371,1044.123800000000074
190161.707692086,2586740.37496908,2536.600100000000111
190101.159597114,2586859.3539236,2220.432200000000194
190003.031151607,2586945.53085722,2324.740800000000036
189909.108384327,2587082.73530727,4966.385199999999713
189650.31845521,2587438.18009322,4541.826299999999719
189795.467987342,2587588.1202484,2356.783699999999953
189707.157300081,2587848.31111516,3604.583700000000135
190161.767942833,2587294.88868529,1713.690599999999904
190245.045443165,2587322.13813196,75.194000000000003
190198.806366858,2587409.09048096,1295.942900000000009
190200.991873239,2587377.29122401,1757.739199999999983
190200.455515899,2587340.39611527,1868.072100000000091
190460.448932507,2587680.45923721,2626.418400000000020
190493.694405814,2587365.49427082,3076.777300000000196
190441.599715774,2587330.3106612,1007.225699999999961
190363.092493518,2586950.77379444,1199.355199999999968
190327.662669007,2586957.94207583,2105.680699999999888
190307.03373854,2586875.01820288,3429.423899999999776
190344.797060272,2586756.34963727,2146.465499999999793
190710.572785567,2586615.13866597,1441.676600000000008
190379.940315776,2586725.81072453,3263.147399999999834
190550.996622636,2586567.0419911,1540.104800000000068
190672.711060916,2586517.51320768,1569.661100000000033
190514.048313601,2586577.92168906,4214.053100000000086
190648.826574759,2586522.31640678,4312.263100000000122
190575.761941478,2586559.26985733,4826.979800000000068
190526.951919477,2587087.41240544,1620.037499999999909
190569.309289687,2587014.42913131,1610.333699999999908
190552.831674757,2587018.06767619,1640.391100000000051
190532.560709896,2587022.26894705,2366.150799999999890
190819.759147089,2586949.76927385,1868.993199999999888
190865.345339794,2586949.88513914,1919.356700000000046
190843.795326079,2586950.33368181,2229.925900000000183
190886.692614704,2586950.17768886,2351.817100000000210
190917.66499908,2586826.18863455,1411.608699999999999
190931.677733224,2586823.50989845,1582.756699999999910
190840.80448225,2586842.94951518,2078.449599999999919
190900.500658631,2586829.97862409,2278.828599999999824
190811.469336892,2586738.4282627,3693.168000000000120
191030.251002524,2586677.29411834,1221.890400000000000
191016.96953278,2586574.52371353,1604.909499999999980
190993.739897222,2586579.86846157,3483.795399999999972
190918.187721212,2586489.02217649,1030.495499999999993
190957.562593813,2586471.07258277,2206.721500000000106
190854.175409738,2586517.55075633,2293.990999999999985
190978.927717569,2586475.1254385,2314.413500000000113
190936.091372139,2586480.87567183,3181.860000000000127
191004.680686739,2586468.43015098,3313.628600000000006
190811.236570609,2586534.28843267,3897.056399999999940
190891.217404241,2586500.55845556,4632.837099999999737
190782.017682907,2586370.85495323,1604.010800000000017
190659.994722131,2586233.56983678,3742.288100000000213
190628.068358002,2586240.80571876,3749.916200000000117
191089.183537585,2586134.70029592,4269.712300000000141
190489.245928114,2586144.93164083,1911.599600000000009
190491.43729451,2586182.41885142,5367.418099999999868
190992.897804226,2585902.806804,1185.280600000000049
191003.202282306,2585901.19413655,1317.605000000000018
190841.475089006,2585937.73771574,2618.257700000000114
190705.339303937,2585969.93975666,3485.492799999999988
190816.582185885,2585944.29442922,3621.585199999999986
190888.861307048,2585927.30736647,4612.904999999999745
190365.654909919,2585800.4386276,1081.858899999999949
190342.997003069,2585855.28438846,2750.947799999999916
190322.427630233,2585825.60492071,3048.857399999999870
190289.425743382,2585792.15067784,3726.902000000000044
190431.040923374,2585915.6457366,22.821600000000000
190395.578977259,2585889.77281728,616.530300000000011
190413.30410805,2585938.87463916,1095.080099999999902
190414.762263823,2585956.7189013,1504.424099999999953
190359.745241919,2585878.47358704,1716.228399999999965
190476.071515857,2585847.13859796,52.904899999999998
190807.709717386,2585822.40308974,2381.365200000000186
190849.323753959,2585812.479104,2927.699200000000019
190512.746144782,2585890.09224263,3258.586699999999837
190601.599877237,2585763.0349777,2382.059200000000146
190457.326036245,2585795.59087866,2344.468299999999999
190429.043016516,2585803.78335701,3719.446699999999964
190944.952760655,2586315.82716848,2351.964199999999892
191056.89922276,2586266.67578551,1560.600200000000086
191095.617433272,2585879.66562929,4409.018399999999929
191210.645243226,2585978.18501685,2734.353399999999965
191131.114444492,2585996.15835332,3149.065200000000004
191160.240470991,2585989.71780086,4103.442000000000007
191251.077209258,2585968.45685726,4299.153900000000249
191267.587166556,2586093.93228661,4405.760400000000118
191134.980536024,2586124.84363219,4767.890000000000327
191788.119489512,2585977.43981792,1360.972099999999955
191811.322250508,2585971.09110536,2147.535600000000159
190027.82190128,2588554.50689518,3709.302999999999884
189744.826483311,2586893.24969665,3163.401699999999892
189576.70039285,2586152.53387864,1514.083000000000084
191682.187696979,2586967.87765805,690.865599999999972
189611.082595914,2588434.19453242,1862.903999999999996
192303.887994047,2587808.07854521,2160.599000000000160
192301.101766,2587862.47548615,2169.110999999999876
192154.013023395,2588204.22693785,1091.412199999999984
192143.360530086,2588186.90172682,861.458799999999997
192288.747631232,2588191.58640182,3747.977499999999964
192252.247807594,2588169.81627487,3890.556000000000040
192350.492556977,2587752.66624868,1138.948799999999892
192360.788372493,2587822.2349216,1814.554599999999937
192388.737865116,2588045.63207958,1819.006499999999960
192538.769484387,2588182.38236642,1604.132700000000114
192507.609102139,2587717.46094772,4486.576600000000326
192726.018618058,2587593.66263911,1624.412299999999959
193329.771206193,2587790.67780777,954.667000000000030
193328.261973828,2587822.65003839,989.813300000000027
193369.25000657,2587810.17104248,3626.574599999999919
193124.276863993,2586041.30481614,2243.611100000000079
192065.766989935,2585768.92171724,2323.170500000000175
192136.229603857,2586100.26119045,1468.885399999999890
192385.186609003,2586253.51587528,1491.004200000000083
192167.394353583,2585963.76567046,2397.135699999999815
192674.944652254,2585785.72006276,1839.249199999999973
192984.19352597,2586017.00958932,3364.998199999999997
192928.647010002,2586186.16184377,2651.395799999999781
192881.931263415,2586193.56570695,1389.759700000000066
193010.175294342,2586156.37083569,2383.361499999999978
193895.473707584,2586147.76435441,910.372600000000034
193861.404459254,2586158.94021841,4436.293200000000070
193816.608961268,2586141.43657284,1184.875099999999975
193805.739586931,2586137.63857749,1222.189200000000028
193877.617221562,2586053.67509703,1855.479499999999916
193910.067252866,2586293.67524608,1484.842499999999973
192933.116956401,2587396.35768048,805.797299999999950
193097.373945894,2587015.15808584,89.167299999999997
192871.563788903,2587541.98990191,1196.672199999999975
192754.97935641,2587573.58470815,2025.560099999999920
192800.085841957,2587903.23602436,592.693800000000010
192780.042391001,2587931.73253255,1192.683099999999968
192740.355040709,2587924.25359988,2006.134099999999989
193152.072764043,2587422.6885225,2696.605500000000120
193124.791201635,2587409.97327214,1548.912700000000086
192698.214597479,2587908.78903725,915.314799999999991
186680.455640852,2583956.27035342,1854.794499999999971
187172.176883782,2584383.6301318,2041.667799999999943
187164.252248965,2584354.11125011,4079.139900000000125
187180.595715462,2584413.55206878,4214.379899999999907
187729.980503167,2584027.53506446,1440.344299999999976
187909.987813098,2583536.91362832,2441.383899999999812
187962.557681176,2583632.4937925,2392.997800000000097
187986.170855521,2583625.20423736,2578.084800000000087
188430.467584225,2583605.92599446,5717.376400000000103
188117.072963829,2583913.20716391,2840.271499999999833
188144.294085824,2583905.80747777,2875.376200000000154
187335.784813846,2584567.31204654,4446.751699999999801
188109.494285894,2584583.50147612,2325.442799999999806
187796.238748185,2584261.93227321,4534.250100000000202
188258.269359051,2584953.98930439,1929.344000000000051
189168.404426759,2585158.81246065,1925.710399999999936
189481.099266164,2585080.56258482,4015.972200000000157
189423.818339887,2585067.03688176,4601.311899999999696
189083.342696784,2585101.08757006,1392.605199999999968
189103.378643598,2585095.07954377,1804.848999999999933
189218.519120304,2585074.34502158,1811.931700000000092
188966.751325424,2585132.47328504,2234.649399999999787
189369.301439229,2584944.11331152,4499.226999999999862
188643.708150836,2585100.40881942,1737.228299999999990
188692.251870801,2585108.78625187,2213.482199999999921
188520.294777993,2585076.19594212,4171.945700000000215
188726.925523316,2585003.92657223,2716.821300000000065
188687.30470033,2584999.55980867,5244.717200000000048
188685.691996439,2584893.98395371,2316.160499999999956
188708.02298488,2584896.8785854,2343.385499999999865
188731.530499347,2584900.71186573,2583.915399999999863
188757.972328786,2584903.72101759,2922.333900000000085
189160.527285084,2584974.2260604,1148.244899999999916
189190.002639505,2584985.12840226,2060.321800000000167
189139.390224198,2584977.1418223,1346.556599999999889
188933.351625159,2584956.5298825,1553.918400000000020
189469.890760236,2584309.90878602,2254.437500000000000
189450.11073606,2584316.24894199,1935.745699999999943
189423.334241774,2584212.57037238,1301.359300000000076
189436.186338128,2584209.80636628,1354.280799999999999
189453.812842379,2584202.88434775,2472.749800000000050
189404.599937928,2584217.50973591,2610.564499999999953
189383.470180197,2584116.9129157,3761.641500000000178
189335.554037273,2583353.89753967,26.992400000000000
189332.914041477,2583386.87574234,72.933300000000003
188584.289087653,2583344.30507557,3907.425600000000031
188743.859397287,2583491.29770614,1877.765499999999975
189416.019937512,2584638.68948099,1991.441000000000031
189278.854913853,2584830.54259843,2391.930600000000140
189275.184996024,2584805.52902036,2673.055699999999888
189191.345650318,2584891.57529249,1200.716499999999996
189187.723908532,2584878.22145079,1584.613000000000056
189180.157908947,2584847.70674137,4702.827000000000226
189071.963022422,2584861.4073817,1948.566600000000108
189062.861430617,2584829.93559103,4229.911100000000260
188262.909263398,2584345.96409593,6116.412599999999657
189333.299127147,2584232.69791245,2006.196799999999939
189311.540927809,2584157.02023121,2055.767800000000079
189356.009044433,2584313.10731823,2339.594900000000052
189305.520334806,2584134.90503431,2553.850800000000163
189297.616669728,2584107.26329691,3228.930400000000191
189325.351252135,2584204.54045512,3876.861199999999826
189347.373376715,2584283.44181585,3883.107199999999921
189255.292568461,2584342.8419677,1785.266399999999976
189195.195192069,2584133.823399,2824.772300000000087
189262.009586726,2584367.17413072,3367.872699999999895
189271.703703521,2584400.27370683,3664.269699999999830
189282.303443329,2584437.47171454,4209.225300000000061
188507.359818468,2584151.27570444,2808.008600000000115
189249.324929555,2584050.08212141,3706.245800000000145
188476.199518215,2584044.43173176,1320.275200000000041
188373.10772542,2584050.6754357,1888.182800000000043
188923.440304146,2583811.30902143,4550.048700000000281
190818.761419782,2585711.13992154,1701.717799999999897
191316.399451696,2585702.1873394,2659.222600000000057
189487.529567962,2584089.55165774,2197.503200000000106
190799.462146147,2584689.09506907,4487.948099999999613
191975.573692176,2584929.04003318,2544.999699999999848
189631.945007811,2585466.46806445,1724.833499999999958
191541.099834375,2585131.07443966,3826.864099999999780
189641.707199263,2583518.50754114,2516.100399999999809
189578.500019632,2583388.91896419,3742.611100000000079
189607.744129349,2583434.0503256,4797.874700000000303
189641.735712954,2583399.72461049,2082.264000000000124
189635.328096184,2583468.44819866,2119.359800000000178
189691.791292667,2583722.24482232,1495.957300000000032
189710.713935935,2583706.90270658,1378.289299999999912
189736.225990476,2583723.94953042,1714.319700000000012
189740.473675075,2583640.10112919,2286.059099999999944
189713.303640015,2583636.05214185,3059.639000000000124
189767.941833312,2583674.01215332,3330.167399999999816
189867.657091292,2583788.08116608,1534.000900000000001
189831.555313193,2583770.87050438,3355.587300000000141
189797.532602086,2583753.02852796,1681.873499999999922
189732.111065667,2583904.94393276,2935.847400000000107
189695.504623312,2583914.72493738,4778.151100000000042
189754.450992183,2584008.09704156,5169.213700000000244
189675.52880838,2584140.83528702,1692.836600000000089
189606.667063051,2584159.90135911,3476.116300000000138
189645.321376146,2584149.14125257,4678.520199999999932
189521.423128164,2584296.19756189,1408.814300000000003
189563.013796828,2584286.05409388,2266.167800000000170
189539.984607392,2584290.8383931,2455.994799999999941
189585.649380902,2584349.48636961,1433.038600000000088
189775.407840126,2584620.87690752,2323.990699999999833
189750.021102707,2584621.91590729,2775.954799999999977
189501.529810297,2584647.18995443,2086.373700000000099
189650.966597605,2584730.34861311,3497.474900000000162
189660.524719775,2584412.64468122,1629.576000000000022
189692.29986354,2584411.89164268,4968.892600000000130
189787.021277058,2584514.96829177,2520.586099999999988
189633.358888321,2584434.35065081,2655.518500000000131
189625.5227429,2584408.10446819,760.624699999999962
189605.002039276,2584405.23057248,3372.329499999999825
189755.018498229,2584303.85176443,1501.761099999999942
189739.503705368,2584305.77083843,1632.596500000000106
189705.564232515,2584315.84741508,4444.021300000000338
189909.816336318,2584203.42095577,4306.394199999999728
189857.533466874,2583984.5610678,2625.413900000000012
189836.222759843,2584108.57428828,4356.524999999999636
189815.446567667,2584974.33125377,1893.381900000000087
189636.427417192,2584981.4790105,6213.024099999999635
189608.074026979,2584972.3966608,915.659099999999967
189588.336743919,2584985.33621505,980.281200000000013
189561.541041011,2584992.39992552,1474.100599999999986
189671.507021137,2584961.24172025,2126.424799999999777
189727.469363976,2584856.32285309,1966.328999999999951
189843.739815434,2584856.03168178,2348.517899999999827
189827.429249636,2584855.00160051,2426.773999999999887
189805.15196515,2584855.46280409,3468.743699999999990
189751.15254327,2584857.65389336,3634.076900000000023
190185.196913102,2584512.6839049,2691.904199999999946
189997.684136509,2584201.93670452,3061.759000000000015
190066.027899341,2584302.23930227,1561.833900000000085
189999.900841058,2584301.94943018,1888.280600000000049
190240.529893333,2584324.68432,2160.289200000000164
190205.8557417,2584304.41991452,3027.370499999999993
190167.461934553,2584302.69345473,4429.649800000000141
189958.336286849,2584099.69797004,2738.706099999999878
189991.469780748,2584099.67919282,3129.566800000000057
190216.259216406,2583861.51195722,3896.963299999999890
190166.478838671,2583846.0029485,900.581500000000005
190176.716192089,2583811.40676313,1798.978900000000067
190300.207725328,2583894.0873403,4275.370499999999993
190305.507553416,2583858.9481366,713.840000000000032
190267.067152836,2583860.66267579,1089.430699999999888
190323.115260277,2583838.3826214,1331.965799999999945
190540.813828032,2584452.2918611,1701.173099999999977
190471.011780394,2584346.37402251,1893.773899999999912
190512.027671719,2584407.48211961,2713.054799999999886
190451.65038721,2584321.74940327,4345.993499999999585
190235.813897687,2584186.99448987,2195.921899999999823
190347.485424008,2584349.30416981,1974.374600000000100
190464.851663974,2584516.16482087,2550.104200000000219
190314.147548804,2584299.62570499,3347.713799999999992
190380.019974712,2584351.12999783,1070.814200000000028
190561.439300391,2584292.34552539,1243.680599999999913
190517.712214292,2584224.37520612,2692.007300000000214
190617.684968404,2584370.32103553,2820.976999999999862
190428.1807419,2584100.70177112,3566.725800000000163
190727.702829929,2584350.13441748,1745.641800000000103
190634.158789942,2584395.60333059,3368.311499999999796
190935.152140945,2584415.77706313,2834.040100000000166
190881.183758318,2584383.9508805,1954.481500000000096
190749.972566606,2584193.01360042,3225.015199999999822
191415.774016347,2584407.50891804,2677.088600000000042
191223.501679393,2584127.28623784,2425.454699999999775
191209.553392663,2584106.91453091,2480.436000000000149
191895.499897148,2584356.90426363,3498.109899999999925
191898.137965378,2584183.35712146,1396.187400000000025
191893.077827364,2584169.66326061,1494.654299999999921
190121.084856366,2583736.52726482,1524.790799999999990
190813.589253917,2583819.61821564,1748.457599999999957
190393.025024844,2584649.72891554,1599.290400000000091
190115.792429874,2584830.69153778,1006.762200000000007
190065.675950792,2584844.51342168,1459.350100000000111
190081.468872009,2584839.99098631,1704.963700000000017
190250.302299298,2584801.55907284,1953.718399999999974
190101.01485855,2584837.4898312,2071.102199999999812
190565.58086671,2584843.93753363,3829.057099999999991
190490.71214216,2584861.21600125,3572.197500000000218
190210.747749362,2584929.23876164,1545.859300000000076
190187.750933636,2584930.38030016,3420.249899999999798
190498.131029518,2584969.24430427,3557.338299999999890
190273.152815126,2585021.00461607,2226.372100000000046
190322.160723376,2585128.47995905,2839.882700000000114
190269.478267602,2585140.26907876,4088.393999999999778
190116.244329132,2585163.34523308,4154.638799999999719
190150.298904191,2585175.66117715,2748.609699999999975
190174.142078598,2585270.67596451,2672.739599999999882
190126.040600885,2585313.72275369,2983.305899999999838
190232.707736666,2585308.18260333,4844.402500000000146
190075.619643767,2585383.46403876,2132.684000000000196
190022.603125488,2585443.49573286,1834.364000000000033
190409.681208135,2585365.21695201,1825.568999999999960
190132.73711149,2585452.13715335,1373.814300000000003
190154.383815453,2585435.80941705,2197.481200000000172
191074.51894209,2585317.99683515,2511.737000000000080
191051.260841125,2585323.05456995,2571.630000000000109
191127.988902588,2585305.54511701,2978.727100000000064
191100.249780705,2585312.19559836,3126.570499999999811
191055.169994566,2585230.76254605,1622.071899999999914
191083.273399589,2585225.97959132,2342.490400000000136
190935.399719846,2585242.22284204,1329.048700000000053
191315.604357777,2585484.66800357,2150.176199999999881
191341.510398759,2585480.06139745,3432.578599999999824
191493.100694371,2585487.62398386,1610.950599999999895
191533.427525637,2585634.8581853,3086.947200000000066
191502.984970933,2585520.53826712,3213.128200000000106
190557.379409567,2585452.77121523,2411.333500000000186
190138.403532218,2585580.50314406,1392.655400000000100
190098.476962787,2585684.65274856,1221.991400000000112
189664.563567886,2585651.26691727,2202.321100000000115
189573.654678124,2585543.88917323,1706.582799999999907
189529.714119146,2585461.27271665,894.624800000000050
189556.384068333,2585472.52847,1105.219499999999925
189789.644034522,2585651.0170108,3808.315799999999854
189828.881805256,2585570.94362462,1202.977300000000014
189888.086773227,2585565.55452334,1585.415199999999913
189912.59672123,2585564.6152956,2041.751500000000078
189791.048531291,2585574.87004733,2978.595200000000204
190702.621971153,2585629.53255378,1789.860500000000002
190935.069864258,2585464.29871115,2075.568600000000060
190799.471516386,2585145.68293654,1116.750800000000027
190818.653487255,2585144.39300732,3235.161300000000210
190945.880313072,2585140.79555387,3014.645899999999983
191202.687389573,2584928.25476022,3677.523099999999886
191234.717868949,2584924.35061172,3799.358099999999922
191135.780990959,2584943.71543437,3827.386599999999817
190758.599441834,2585030.59475574,3721.393799999999828
190858.53601762,2585031.56275444,2197.864500000000135
190912.070144458,2584768.85575333,1419.333499999999958
190744.724423869,2584807.21031911,1864.835299999999961
190930.025697184,2584764.63574504,2332.591199999999844
190952.821371338,2584758.63193144,2463.737999999999829
190807.333356326,2584792.21175428,2645.651100000000042
190890.59144385,2584772.52026254,3008.795399999999972
190774.023710524,2584799.58812758,4308.239599999999882
190843.100524758,2584891.48788855,1295.759499999999889
190827.601932692,2584892.37781087,1915.944999999999936
191211.035718563,2584729.22101351,2044.552599999999984
191164.855508688,2584739.4174576,2299.996200000000044
191251.732362331,2584796.00058601,1491.872399999999971
191240.436876588,2584752.93392428,2010.204500000000053
191110.374733245,2584826.36518338,1356.825000000000045
191124.122030909,2584826.3584747,1440.345199999999977
191091.528340779,2584834.14371246,2856.167300000000068
191022.641410399,2584849.24749429,2887.704600000000028
190616.011052215,2584719.27627837,2094.031300000000101
190596.081349683,2584725.52996795,2304.191400000000158
190640.294114294,2584714.96713261,3077.193600000000060
190840.00042885,2584690.09882933,1301.002799999999979
191310.283059502,2584482.09958336,1262.769800000000032
191315.954888841,2584559.94020322,1642.674199999999928
191563.795126564,2584651.98900457,1279.647799999999961
191580.209333635,2584653.07422877,1422.966400000000021
191473.540691936,2584630.18124643,1794.721600000000080
191647.187622048,2584565.61765052,1229.576499999999896
191695.904685343,2584576.60593267,1761.470399999999927
191630.064996059,2584564.53080193,1862.952299999999923
191720.292826188,2584579.30940388,1922.656199999999899
191762.282380907,2584576.29410144,2106.635800000000017
191749.576872463,2584663.95737975,2812.591600000000199
191714.331659899,2584652.82855013,2397.694199999999910
191686.423226175,2584663.61094067,1536.856199999999944
191621.337718136,2584651.16478659,2167.638199999999870
191794.69498503,2585549.57614824,1174.562300000000050
191681.855559196,2585437.60582321,957.527100000000019
191666.813019227,2585439.42127716,2007.742799999999988
191459.210295468,2585105.22787546,4140.963800000000447
191641.262081276,2585233.20579959,1654.288800000000037
191665.72190843,2585233.95654333,3094.532400000000052
191510.755280962,2585110.41091138,1499.585000000000036
191633.449838993,2585134.48001681,2597.022500000000036
191606.078364318,2585133.70915428,2816.282499999999800
191576.144222552,2585132.17004327,3110.290199999999913
191436.387932305,2585033.14089044,1027.454300000000103
191436.103593065,2585000.34094561,2879.685399999999845
191555.125583692,2585016.85476092,2976.388100000000122
191583.603865371,2585017.79686215,3732.229299999999967
191717.736935425,2584917.61609769,1653.890599999999949
191664.508994014,2584885.79428755,908.594500000000039
191382.005385544,2584877.98139783,3082.152900000000045
191361.178363749,2584760.31254786,2646.764500000000226
192026.807615427,2584933.60982598,1403.476000000000113
191842.102042408,2583879.21569835,1698.019299999999930
191815.198100431,2583871.33170847,1649.494500000000016
191814.84153243,2583792.30052124,3773.916200000000117
191865.689588093,2583882.41167977,2104.144699999999830
191891.964256769,2583883.85137078,3186.194500000000062
192018.954785405,2583966.33992757,564.669099999999958
192019.813932307,2583935.28073973,1442.038700000000063
191983.334064237,2583943.6736199,2446.956099999999878
190424.752530432,2585359.33969292,1457.099799999999959
192043.506265774,2584937.23603324,628.932900000000018
192554.822359425,2585462.1188652,2263.467900000000100
192509.199305013,2585459.48482671,3211.195999999999913
192589.033022127,2585378.97442069,1385.790899999999965
192385.340393678,2585361.83615328,1662.214300000000094
192406.491389999,2585363.88398793,2481.516599999999926
192553.983868572,2585375.68573907,2636.114000000000033
192054.754070548,2584938.20393968,674.058800000000019
192091.942388591,2584942.75972761,826.946199999999976
192072.221923775,2584938.93965177,1275.709800000000087
192157.131175987,2584968.94858438,2475.349799999999959
192278.622316357,2584613.62798474,1343.419100000000071
192255.463856554,2584618.7944488,1350.839199999999892
192053.554536628,2584396.68262086,1652.693299999999908
192243.892188773,2584425.69169042,1110.777399999999943
192333.879379789,2584383.2804247,2321.339300000000094
192306.738397963,2584367.99670305,3173.905000000000200
192479.315538867,2585261.73452968,1086.594499999999925
192502.153036696,2585267.9181542,2795.282700000000204
192402.380122671,2585247.65892031,2801.450899999999820
192453.833580064,2585258.82808247,3473.655499999999847
192653.051984273,2585380.52729848,1856.451499999999896
192994.715400077,2585678.95627413,1653.898200000000088
192614.742406869,2585155.28635775,2400.618399999999838
192972.137902125,2585249.32802502,2361.347999999999956
192997.871209983,2585258.3595468,3176.409000000000106
192946.612859573,2585238.69690546,3229.242900000000191
193183.09662733,2585216.13602087,2232.394600000000082
193151.878265661,2585203.3534806,4648.983799999999974
192419.630221934,2584658.0902231,4585.611600000000180
192559.51053857,2584662.7511269,869.175799999999981
192508.657537701,2584687.57691006,2099.610000000000127
192521.717195113,2584670.15126097,2410.730300000000170
192711.625793002,2584652.7086664,4715.358500000000276
193367.377915503,2584744.3828141,1401.842300000000023
193044.24169685,2585042.81192538,932.901700000000005
192705.09368051,2584913.95694335,2067.954600000000028
193063.732033358,2585049.97105911,3257.036399999999958
193024.494879037,2585035.42881538,3324.707699999999932
192797.684053075,2584949.42241452,3846.430299999999988
193144.371605854,2585080.14214679,5964.684900000000198
193290.26043144,2585064.93791073,595.461699999999951
193316.07798239,2584999.5204528,2288.722400000000107
193188.780023312,2584818.1533132,3564.213200000000143
193400.695834849,2584843.91835458,1772.506200000000035
192889.801501653,2584730.53322735,2463.089199999999892
192914.984627352,2584741.99031646,2538.817000000000007
193016.088328344,2584699.39563673,2254.221500000000106
193247.270115708,2584752.20917315,2467.097200000000157
193564.121476713,2585463.17561917,2447.071199999999862
193602.720288183,2585372.360839,2680.703500000000076
193692.348463717,2585029.4922471,1223.180800000000090
193658.254708821,2585014.14542138,1836.446899999999914
193605.800618726,2584990.64494647,2015.068600000000060
193638.222539785,2585007.86447368,2017.826099999999997
193585.855134883,2584981.97409181,2512.782000000000153
193713.460593434,2585054.63616971,2300.077099999999973
193816.186969792,2585107.19377522,1701.900900000000092
194243.443726155,2585608.43434658,2045.366099999999960
193915.381639458,2585484.49780377,2499.806599999999889
194181.66530205,2585236.291963,1911.173999999999978
194160.887299359,2585216.23682528,1948.369500000000016
194222.157861649,2585258.54919792,3220.621200000000044
193946.332607814,2585176.91005409,2514.274199999999837
194105.47367522,2585101.03974055,1838.969599999999900
194107.065634794,2585064.88447883,2922.616599999999835
194376.973100773,2585218.86134551,1007.936400000000049
194233.615956381,2585200.97656019,1755.382100000000037
194562.033365053,2585111.50841359,1444.931599999999889
194577.896463791,2585127.78558233,1882.023899999999912
194410.93937039,2585152.66659019,951.201500000000010
194360.796980756,2585041.90784576,3212.007399999999961
193603.392669994,2585705.02922571,2686.454200000000128
189050.790549075,2582517.10977731,2211.227699999999913
189006.013828522,2582474.42234556,1675.544699999999921
189053.764604716,2582465.84135244,3214.853500000000167
189390.052709293,2582543.86763781,2792.987299999999777
189526.62604738,2582439.09668445,2834.535199999999804
189698.103547785,2582461.64886997,1149.704500000000053
189659.53527887,2582472.78240964,1571.543200000000070
189610.723240362,2582492.03281772,871.015599999999949
189550.644992624,2582477.81729155,2069.625700000000052
189517.353906783,2582500.36445777,2991.482899999999972
189513.518412099,2582566.04631756,872.139499999999998
189686.782582542,2582701.1860321,2725.310599999999795
189522.790320115,2582748.9530937,2954.070200000000114
189585.799927934,2582760.75482451,2185.982300000000123
189519.838174765,2582785.90114739,953.023800000000051
189460.220968585,2582533.24781856,3973.674300000000130
189471.777858734,2582385.26937436,438.045399999999972
189513.705167135,2582392.93509336,4987.434100000000399
188088.829084549,2582857.3623138,2433.788100000000213
194267.888696186,2585221.54472531,1777.208599999999933
193565.468668587,2585358.79997095,3423.009199999999964
193623.863065737,2585382.28025671,2255.605300000000170
193489.02226049,2584929.96121712,1100.099099999999908
190721.720421065,2584918.71795762,1252.056000000000040
193694.020503043,2586404.83594719,2184.900799999999890
189334.222218053,2583361.23445036,757.301100000000019
189344.106918674,2583378.87764091,872.758199999999988
189544.010084103,2582583.61446809,3629.570000000000164
189592.69143877,2582490.51516537,86.734399999999994
190186.220902022,2583790.23312667,48.523800000000001
190128.948245215,2583753.41604124,14.586399999999999
190148.322260412,2583724.67316124,40.437100000000001
190903.216157369,2584406.47766113,21.904000000000000
190902.048765315,2584381.61476056,37.085000000000001
190428.864475556,2584375.33230941,13.759800000000000
190421.414066962,2584364.52124223,6.385500000000000
190339.801288348,2584302.73062217,117.549400000000006
191894.665808073,2584377.6503024,83.979399999999998
191858.261291856,2583837.11758812,16.749400000000001
190171.25025178,2584507.68633606,163.399499999999989
190057.631537586,2584273.81189468,26.342700000000001
189888.304331075,2584254.18837549,0.511800000000000
189888.675327848,2584217.56223556,72.139499999999998
190013.503311426,2584156.95167196,1.459500000000000
189843.091218721,2584012.191542,686.345500000000015
189315.098254249,2585743.82279082,140.288199999999989
189573.470649941,2584377.24714541,50.936500000000002
189329.303075817,2584333.08147615,27.588300000000000
191072.386948513,2586148.00094842,186.534199999999998
190412.025028185,2585920.55415204,410.521400000000028
190416.711541385,2585925.90298209,72.773499999999999
190482.42204035,2585872.0372925,995.482499999999959
190505.404792325,2585928.17886719,14.213100000000001
188704.106408651,2585106.63607368,172.617300000000000
187789.881819217,2584240.18320682,110.935299999999998
190343.979968669,2585163.15025738,13.292700000000000
191105.5441281,2585234.86870993,238.266899999999993
191087.110241117,2584877.68132809,2.136300000000000
191005.24448912,2584838.84188405,154.695300000000003
194382.12158228,2585234.49992212,0.387500000000000
194244.292851244,2585183.92866312,19.384799999999998
194270.68813235,2585197.79934932,17.763500000000001
194226.668312884,2585167.4000617,7.751200000000000
193067.966064988,2585084.74397341,4.859000000000000
193115.400538327,2585069.39328901,307.768599999999992
191304.663403047,2584564.66247236,0.301000000000000
191304.469014023,2584536.54186677,17.666499999999999
191318.339595844,2584503.42079986,5.359400000000000
191685.667151038,2584554.34275563,27.371300000000002
191705.418462326,2584914.36724754,218.790500000000009
192875.985844943,2586166.82324024,2.416700000000000
192993.435706085,2585963.48283962,1.586200000000000
191123.032754768,2585918.30506646,1.861000000000000
193085.530715999,2587010.44595155,1508.189200000000028
190939.510203008,2586821.50120736,120.749799999999993
190522.622121497,2587036.41681507,119.202900000000000
190174.454957219,2587334.79086205,3.674600000000000
190247.929886451,2587302.16804743,1386.896700000000010
190005.41978998,2586972.71602732,79.027199999999993
190088.277929923,2586844.19304275,91.268699999999995
189689.822526492,2586784.04925116,244.651399999999995
190118.019770428,2586536.85513078,165.858000000000004
189749.753686826,2586283.60501056,237.008499999999998
188971.907940409,2588054.00231952,30.293700000000001
188949.089056794,2587689.53683975,0.116600000000000
188948.639867064,2587634.04239899,8.248300000000000
189229.443610878,2587223.60987248,16.149300000000000
189862.594243548,2588565.99243602,33.845500000000001
189785.828491493,2588692.25822801,139.004600000000011
192070.196111418,2588150.0068327,89.659700000000001
189357.139334791,2589633.98235024,0.769200000000000
189544.24283742,2588252.15817641,20.169200000000000
188853.314353524,2589189.77864255,1415.667200000000093
189389.055687682,2588871.81676704,495.213500000000010
189200.133011386,2588765.66210514,101.974299999999999
190431.317603037,2587332.93160711,90.128900000000002
189703.755423391,2588757.50756329,73.638499999999993
189648.654165005,2588226.02047007,231.192800000000005
